collected_at,site,group,group_label,leg,origin,destination,flight_date,price_brl,url,status,note
2026-09-10T23:52:50,google_flights,rio_volta,Volta ao Rio (Buenos Aires → GIG/SDU),volta,AEP,GIG,2026-11-28,1154.0,https://www.google.com/travel/flights?hl=pt-BR&gl=BR&curr=BRL&q=flights+from+Buenos+Aires+Aeroparque+Jorge+Newbery+%28AEP%29+to+Rio+de+Janeiro+Galeao+Airport+%28GIG%29+2026-11-28+one+way+nonstop,ok,
2026-09-11T00:04:01,google_flights,rio_volta,Volta ao Rio (Buenos Aires → GIG/SDU),volta,AEP,GIG,2026-11-28,1154.0,https://www.google.com/travel/flights?hl=pt-BR&gl=BR&curr=BRL&q=flights+from+Buenos+Aires+Aeroparque+Jorge+Newbery+%28AEP%29+to+Rio+de+Janeiro+Galeao+Airport+%28GIG%29+2026-11-28+one+way+nonstop,ok,
2026-09-11T00:04:07,google_flights,elcalafate_ida,Ida El Calafate (Buenos Aires → El Calafate),ida,AEP,FTE,2026-11-25,904.0,https://www.google.com/travel/flights?hl=pt-BR&gl=BR&curr=BRL&q=flights+from+Buenos+Aires+Aeroparque+Jorge+Newbery+%28AEP%29+to+El+Calafate+2026-11-25+one+way+nonstop,ok,
2026-09-11T00:04:11,google_flights,elcalafate_volta,Volta El Calafate (El Calafate → Buenos Aires),volta,FTE,AEP,2026-11-28,1082.0,https://www.google.com/travel/flights?hl=pt-BR&gl=BR&curr=BRL&q=flights+from+El+Calafate+to+Buenos+Aires+Aeroparque+Jorge+Newbery+%28AEP%29+2026-11-28+one+way+nonstop,ok,
2026-09-11T14:56:58,google_flights,rio_volta,Volta ao Rio (Buenos Aires → GIG/SDU),volta,AEP,GIG,2026-11-28,1150.0,https://www.google.com/travel/flights?hl=pt-BR&gl=BR&curr=BRL&q=flights+from+Buenos+Aires+Aeroparque+Jorge+Newbery+%28AEP%29+to+Rio+de+Janeiro+Galeao+Airport+%28GIG%29+2026-11-28+one+way+nonstop,ok,
2026-09-11T14:57:03,google_flights,elcalafate_ida,Ida El Calafate (Buenos Aires → El Calafate),ida,AEP,FTE,2026-11-25,901.0,https://www.google.com/travel/flights?hl=pt-BR&gl=BR&curr=BRL&q=flights+from+Buenos+Aires+Aeroparque+Jorge+Newbery+%28AEP%29+to+El+Calafate+2026-11-25+one+way+nonstop,ok,
2026-09-11T14:57:06,google_flights,elcalafate_volta,Volta El Calafate (El Calafate → Buenos Aires),volta,FTE,AEP,2026-11-28,1079.0,https://www.google.com/travel/flights?hl=pt-BR&gl=BR&curr=BRL&q=flights+from+El+Calafate+to+Buenos+Aires+Aeroparque+Jorge+Newbery+%28AEP%29+2026-11-28+one+way+nonstop,ok,
2026-09-12T13:58:06,google_flights,rio_volta,Volta ao Rio (Buenos Aires → GIG/SDU),volta,AEP,GIG,2026-11-28,1156.0,https://www.google.com/travel/flights?hl=pt-BR&gl=BR&curr=BRL&q=flights+from+Buenos+Aires+Aeroparque+Jorge+Newbery+%28AEP%29+to+Rio+de+Janeiro+Galeao+Airport+%28GIG%29+2026-11-28+one+way+nonstop,ok,
2026-09-12T13:58:13,google_flights,elcalafate_ida,Ida El Calafate (Buenos Aires → El Calafate),ida,AEP,FTE,2026-11-25,1059.0,https://www.google.com/travel/flights?hl=pt-BR&gl=BR&curr=BRL&q=flights+from+Buenos+Aires+Aeroparque+Jorge+Newbery+%28AEP%29+to+El+Calafate+2026-11-25+one+way+nonstop,ok,
2026-09-12T13:58:16,google_flights,elcalafate_volta,Volta El Calafate (El Calafate → Buenos Aires),volta,FTE,AEP,2026-11-28,853.0,https://www.google.com/travel/flights?hl=pt-BR&gl=BR&curr=BRL&q=flights+from+El+Calafate+to+Buenos+Aires+Aeroparque+Jorge+Newbery+%28AEP%29+2026-11-28+one+way+nonstop,ok,
2026-09-13T14:53:26,google_flights,rio_volta,Volta ao Rio (Buenos Aires → GIG/SDU),volta,AEP,GIG,2026-11-28,1156.0,https://www.google.com/travel/flights?hl=pt-BR&gl=BR&curr=BRL&q=flights+from+Buenos+Aires+Aeroparque+Jorge+Newbery+%28AEP%29+to+Rio+de+Janeiro+Galeao+Airport+%28GIG%29+2026-11-28+one+way+nonstop,ok,
2026-09-13T14:53:32,google_flights,elcalafate_ida,Ida El Calafate (Buenos Aires → El Calafate),ida,AEP,FTE,2026-11-25,1240.0,https://www.google.com/travel/flights?hl=pt-BR&gl=BR&curr=BRL&q=flights+from+Buenos+Aires+Aeroparque+Jorge+Newbery+%28AEP%29+to+El+Calafate+2026-11-25+one+way+nonstop,ok,
2026-09-13T14:53:35,google_flights,elcalafate_volta,Volta El Calafate (El Calafate → Buenos Aires),volta,FTE,AEP,2026-11-28,1105.0,https://www.google.com/travel/flights?hl=pt-BR&gl=BR&curr=BRL&q=flights+from+El+Calafate+to+Buenos+Aires+Aeroparque+Jorge+Newbery+%28AEP%29+2026-11-28+one+way+nonstop,ok,
2026-09-14T16:55:17,google_flights,rio_volta,Volta ao Rio (Buenos Aires → GIG/SDU),volta,AEP,GIG,2026-11-28,1160.0,https://www.google.com/travel/flights?hl=pt-BR&gl=BR&curr=BRL&q=flights+from+Buenos+Aires+Aeroparque+Jorge+Newbery+%28AEP%29+to+Rio+de+Janeiro+Galeao+Airport+%28GIG%29+2026-11-28+one+way+nonstop,ok,
2026-09-14T16:55:22,google_flights,elcalafate_ida,Ida El Calafate (Buenos Aires → El Calafate),ida,AEP,FTE,2026-11-25,1158.0,https://www.google.com/travel/flights?hl=pt-BR&gl=BR&curr=BRL&q=flights+from+Buenos+Aires+Aeroparque+Jorge+Newbery+%28AEP%29+to+El+Calafate+2026-11-25+one+way+nonstop,ok,
2026-09-14T16:55:25,google_flights,elcalafate_volta,Volta El Calafate (El Calafate → Buenos Aires),volta,FTE,AEP,2026-11-28,856.0,https://www.google.com/travel/flights?hl=pt-BR&gl=BR&curr=BRL&q=flights+from+El+Calafate+to+Buenos+Aires+Aeroparque+Jorge+Newbery+%28AEP%29+2026-11-28+one+way+nonstop,ok,
2026-09-15T15:30:54,google_flights,rio_volta,Volta ao Rio (Buenos Aires → GIG/SDU),volta,AEP,GIG,2026-11-28,1442.0,https://www.google.com/travel/flights?hl=pt-BR&gl=BR&curr=BRL&q=flights+from+Buenos+Aires+Aeroparque+Jorge+Newbery+%28AEP%29+to+Rio+de+Janeiro+Galeao+Airport+%28GIG%29+2026-11-28+one+way+nonstop,ok,
2026-09-15T15:31:01,google_flights,elcalafate_ida,Ida El Calafate (Buenos Aires → El Calafate),ida,AEP,FTE,2026-11-25,928.0,https://www.google.com/travel/flights?hl=pt-BR&gl=BR&curr=BRL&q=flights+from+Buenos+Aires+Aeroparque+Jorge+Newbery+%28AEP%29+to+El+Calafate+2026-11-25+one+way+nonstop,ok,
2026-09-15T15:31:04,google_flights,elcalafate_volta,Volta El Calafate (El Calafate → Buenos Aires),volta,FTE,AEP,2026-11-28,859.0,https://www.google.com/travel/flights?hl=pt-BR&gl=BR&curr=BRL&q=flights+from+El+Calafate+to+Buenos+Aires+Aeroparque+Jorge+Newbery+%28AEP%29+2026-11-28+one+way+nonstop,ok,
2026-09-16T15:23:13,google_flights,rio_volta,Volta ao Rio (Buenos Aires → GIG/SDU),volta,AEP,GIG,2026-11-28,1527.0,https://www.google.com/travel/flights?hl=pt-BR&gl=BR&curr=BRL&q=flights+from+Buenos+Aires+Aeroparque+Jorge+Newbery+%28AEP%29+to+Rio+de+Janeiro+Galeao+Airport+%28GIG%29+2026-11-28+one+way+nonstop,ok,
2026-09-16T15:23:19,google_flights,elcalafate_ida,Ida El Calafate (Buenos Aires → El Calafate),ida,AEP,FTE,2026-11-25,927.0,https://www.google.com/travel/flights?hl=pt-BR&gl=BR&curr=BRL&q=flights+from+Buenos+Aires+Aeroparque+Jorge+Newbery+%28AEP%29+to+El+Calafate+2026-11-25+one+way+nonstop,ok,
2026-09-16T15:23:22,google_flights,elcalafate_volta,Volta El Calafate (El Calafate → Buenos Aires),volta,FTE,AEP,2026-11-28,1110.0,https://www.google.com/travel/flights?hl=pt-BR&gl=BR&curr=BRL&q=flights+from+El+Calafate+to+Buenos+Aires+Aeroparque+Jorge+Newbery+%28AEP%29+2026-11-28+one+way+nonstop,ok,
2026-09-17T15:30:03,google_flights,rio_volta,Volta ao Rio (Buenos Aires → GIG/SDU),volta,AEP,GIG,2026-11-28,1533.0,https://www.google.com/travel/flights?hl=pt-BR&gl=BR&curr=BRL&q=flights+from+Buenos+Aires+Aeroparque+Jorge+Newbery+%28AEP%29+to+Rio+de+Janeiro+Galeao+Airport+%28GIG%29+2026-11-28+one+way+nonstop,ok,
2026-09-17T15:30:09,google_flights,elcalafate_ida,Ida El Calafate (Buenos Aires → El Calafate),ida,AEP,FTE,2026-11-25,718.0,https://www.google.com/travel/flights?hl=pt-BR&gl=BR&curr=BRL&q=flights+from+Buenos+Aires+Aeroparque+Jorge+Newbery+%28AEP%29+to+El+Calafate+2026-11-25+one+way+nonstop,ok,
2026-09-17T15:30:12,google_flights,elcalafate_volta,Volta El Calafate (El Calafate → Buenos Aires),volta,FTE,AEP,2026-11-28,1294.0,https://www.google.com/travel/flights?hl=pt-BR&gl=BR&curr=BRL&q=flights+from+El+Calafate+to+Buenos+Aires+Aeroparque+Jorge+Newbery+%28AEP%29+2026-11-28+one+way+nonstop,ok,
2026-09-18T14:53:59,google_flights,rio_volta,Volta ao Rio (Buenos Aires → GIG/SDU),volta,AEP,GIG,2026-11-28,1533.0,https://www.google.com/travel/flights?hl=pt-BR&gl=BR&curr=BRL&q=flights+from+Buenos+Aires+Aeroparque+Jorge+Newbery+%28AEP%29+to+Rio+de+Janeiro+Galeao+Airport+%28GIG%29+2026-11-28+one+way+nonstop,ok,
2026-09-18T14:54:05,google_flights,elcalafate_ida,Ida El Calafate (Buenos Aires → El Calafate),ida,AEP,FTE,2026-11-25,638.0,https://www.google.com/travel/flights?hl=pt-BR&gl=BR&curr=BRL&q=flights+from+Buenos+Aires+Aeroparque+Jorge+Newbery+%28AEP%29+to+El+Calafate+2026-11-25+one+way+nonstop,ok,
2026-09-18T14:54:08,google_flights,elcalafate_volta,Volta El Calafate (El Calafate → Buenos Aires),volta,FTE,AEP,2026-11-28,763.0,https://www.google.com/travel/flights?hl=pt-BR&gl=BR&curr=BRL&q=flights+from+El+Calafate+to+Buenos+Aires+Aeroparque+Jorge+Newbery+%28AEP%29+2026-11-28+one+way+nonstop,ok,
2026-09-19T14:17:52,google_flights,rio_volta,Volta ao Rio (Buenos Aires → GIG/SDU),volta,AEP,GIG,2026-11-28,1194.0,https://www.google.com/travel/flights?hl=pt-BR&gl=BR&curr=BRL&q=flights+from+Buenos+Aires+Aeroparque+Jorge+Newbery+%28AEP%29+to+Rio+de+Janeiro+Galeao+Airport+%28GIG%29+2026-11-28+one+way+nonstop,ok,
2026-09-19T14:17:58,google_flights,elcalafate_ida,Ida El Calafate (Buenos Aires → El Calafate),ida,AEP,FTE,2026-11-25,712.0,https://www.google.com/travel/flights?hl=pt-BR&gl=BR&curr=BRL&q=flights+from+Buenos+Aires+Aeroparque+Jorge+Newbery+%28AEP%29+to+El+Calafate+2026-11-25+one+way+nonstop,ok,
2026-09-19T14:18:00,google_flights,elcalafate_volta,Volta El Calafate (El Calafate → Buenos Aires),volta,FTE,AEP,2026-11-28,852.0,https://www.google.com/travel/flights?hl=pt-BR&gl=BR&curr=BRL&q=flights+from+El+Calafate+to+Buenos+Aires+Aeroparque+Jorge+Newbery+%28AEP%29+2026-11-28+one+way+nonstop,ok,
2026-09-20T14:38:43,google_flights,rio_volta,Volta ao Rio (Buenos Aires → GIG/SDU),volta,AEP,GIG,2026-11-28,1533.0,https://www.google.com/travel/flights?hl=pt-BR&gl=BR&curr=BRL&q=flights+from+Buenos+Aires+Aeroparque+Jorge+Newbery+%28AEP%29+to+Rio+de+Janeiro+Galeao+Airport+%28GIG%29+2026-11-28+one+way+nonstop,ok,
2026-09-20T14:38:49,google_flights,elcalafate_ida,Ida El Calafate (Buenos Aires → El Calafate),ida,AEP,FTE,2026-11-25,495.0,https://www.google.com/travel/flights?hl=pt-BR&gl=BR&curr=BRL&q=flights+from+Buenos+Aires+Aeroparque+Jorge+Newbery+%28AEP%29+to+El+Calafate+2026-11-25+one+way+nonstop,ok,
2026-09-20T14:38:52,google_flights,elcalafate_volta,Volta El Calafate (El Calafate → Buenos Aires),volta,FTE,AEP,2026-11-28,1293.0,https://www.google.com/travel/flights?hl=pt-BR&gl=BR&curr=BRL&q=flights+from+El+Calafate+to+Buenos+Aires+Aeroparque+Jorge+Newbery+%28AEP%29+2026-11-28+one+way+nonstop,ok,
2026-09-21T16:56:50,google_flights,rio_volta,Volta ao Rio (Buenos Aires → GIG/SDU),volta,AEP,GIG,2026-11-28,1514.0,https://www.google.com/travel/flights?hl=pt-BR&gl=BR&curr=BRL&q=flights+from+Buenos+Aires+Aeroparque+Jorge+Newbery+%28AEP%29+to+Rio+de+Janeiro+Galeao+Airport+%28GIG%29+2026-11-28+one+way+nonstop,ok,
2026-09-21T16:56:57,google_flights,elcalafate_ida,Ida El Calafate (Buenos Aires → El Calafate),ida,AEP,FTE,2026-11-25,1053.0,https://www.google.com/travel/flights?hl=pt-BR&gl=BR&curr=BRL&q=flights+from+Buenos+Aires+Aeroparque+Jorge+Newbery+%28AEP%29+to+El+Calafate+2026-11-25+one+way+nonstop,ok,
2026-09-21T16:57:00,google_flights,elcalafate_volta,Volta El Calafate (El Calafate → Buenos Aires),volta,FTE,AEP,2026-11-28,1278.0,https://www.google.com/travel/flights?hl=pt-BR&gl=BR&curr=BRL&q=flights+from+El+Calafate+to+Buenos+Aires+Aeroparque+Jorge+Newbery+%28AEP%29+2026-11-28+one+way+nonstop,ok,
2026-09-22T15:28:56,google_flights,rio_volta,Volta ao Rio (Buenos Aires → GIG/SDU),volta,AEP,GIG,2026-11-28,1518.0,https://www.google.com/travel/flights?hl=pt-BR&gl=BR&curr=BRL&q=flights+from+Buenos+Aires+Aeroparque+Jorge+Newbery+%28AEP%29+to+Rio+de+Janeiro+Galeao+Airport+%28GIG%29+2026-11-28+one+way+nonstop,ok,
2026-09-22T15:29:02,google_flights,elcalafate_ida,Ida El Calafate (Buenos Aires → El Calafate),ida,AEP,FTE,2026-11-25,711.0,https://www.google.com/travel/flights?hl=pt-BR&gl=BR&curr=BRL&q=flights+from+Buenos+Aires+Aeroparque+Jorge+Newbery+%28AEP%29+to+El+Calafate+2026-11-25+one+way+nonstop,ok,
2026-09-22T15:29:05,google_flights,elcalafate_volta,Volta El Calafate (El Calafate → Buenos Aires),volta,FTE,AEP,2026-11-28,1281.0,https://www.google.com/travel/flights?hl=pt-BR&gl=BR&curr=BRL&q=flights+from+El+Calafate+to+Buenos+Aires+Aeroparque+Jorge+Newbery+%28AEP%29+2026-11-28+one+way+nonstop,ok,
2026-09-23T15:23:42,google_flights,rio_volta,Volta ao Rio (Buenos Aires → GIG/SDU),volta,AEP,GIG,2026-11-28,1524.0,https://www.google.com/travel/flights?hl=pt-BR&gl=BR&curr=BRL&q=flights+from+Buenos+Aires+Aeroparque+Jorge+Newbery+%28AEP%29+to+Rio+de+Janeiro+Galeao+Airport+%28GIG%29+2026-11-28+one+way+nonstop,ok,
2026-09-23T15:23:49,google_flights,elcalafate_ida,Ida El Calafate (Buenos Aires → El Calafate),ida,AEP,FTE,2026-11-25,809.0,https://www.google.com/travel/flights?hl=pt-BR&gl=BR&curr=BRL&q=flights+from+Buenos+Aires+Aeroparque+Jorge+Newbery+%28AEP%29+to+El+Calafate+2026-11-25+one+way+nonstop,ok,
2026-09-23T15:23:52,google_flights,elcalafate_volta,Volta El Calafate (El Calafate → Buenos Aires),volta,FTE,AEP,2026-11-28,758.0,https://www.google.com/travel/flights?hl=pt-BR&gl=BR&curr=BRL&q=flights+from+El+Calafate+to+Buenos+Aires+Aeroparque+Jorge+Newbery+%28AEP%29+2026-11-28+one+way+nonstop,ok,
2026-09-24T15:46:56,google_flights,rio_volta,Volta ao Rio (Buenos Aires → GIG/SDU),volta,AEP,GIG,2026-11-28,1538.0,https://www.google.com/travel/flights?hl=pt-BR&gl=BR&curr=BRL&q=flights+from+Buenos+Aires+Aeroparque+Jorge+Newbery+%28AEP%29+to+Rio+de+Janeiro+Galeao+Airport+%28GIG%29+2026-11-28+one+way+nonstop,ok,
2026-09-24T15:47:02,google_flights,elcalafate_ida,Ida El Calafate (Buenos Aires → El Calafate),ida,AEP,FTE,2026-11-25,744.0,https://www.google.com/travel/flights?hl=pt-BR&gl=BR&curr=BRL&q=flights+from+Buenos+Aires+Aeroparque+Jorge+Newbery+%28AEP%29+to+El+Calafate+2026-11-25+one+way+nonstop,ok,
2026-09-24T15:47:05,google_flights,elcalafate_volta,Volta El Calafate (El Calafate → Buenos Aires),volta,FTE,AEP,2026-11-28,1298.0,https://www.google.com/travel/flights?hl=pt-BR&gl=BR&curr=BRL&q=flights+from+El+Calafate+to+Buenos+Aires+Aeroparque+Jorge+Newbery+%28AEP%29+2026-11-28+one+way+nonstop,ok,
2026-09-25T15:47:07,google_flights,rio_volta,Volta ao Rio (Buenos Aires → GIG/SDU),volta,AEP,GIG,2026-11-28,1539.0,https://www.google.com/travel/flights?hl=pt-BR&gl=BR&curr=BRL&q=flights+from+Buenos+Aires+Aeroparque+Jorge+Newbery+%28AEP%29+to+Rio+de+Janeiro+Galeao+Airport+%28GIG%29+2026-11-28+one+way+nonstop,ok,
2026-09-25T15:47:13,google_flights,elcalafate_ida,Ida El Calafate (Buenos Aires → El Calafate),ida,AEP,FTE,2026-11-25,742.0,https://www.google.com/travel/flights?hl=pt-BR&gl=BR&curr=BRL&q=flights+from+Buenos+Aires+Aeroparque+Jorge+Newbery+%28AEP%29+to+El+Calafate+2026-11-25+one+way+nonstop,ok,
2026-09-25T15:47:15,google_flights,elcalafate_volta,Volta El Calafate (El Calafate → Buenos Aires),volta,FTE,AEP,2026-11-28,1295.0,https://www.google.com/travel/flights?hl=pt-BR&gl=BR&curr=BRL&q=flights+from+El+Calafate+to+Buenos+Aires+Aeroparque+Jorge+Newbery+%28AEP%29+2026-11-28+one+way+nonstop,ok,
2026-09-26T14:57:07,google_flights,rio_volta,Volta ao Rio (Buenos Aires → GIG/SDU),volta,AEP,GIG,2026-11-28,1534.0,https://www.google.com/travel/flights?hl=pt-BR&gl=BR&curr=BRL&q=flights+from+Buenos+Aires+Aeroparque+Jorge+Newbery+%28AEP%29+to+Rio+de+Janeiro+Galeao+Airport+%28GIG%29+2026-11-28+one+way+nonstop,ok,
2026-09-26T14:57:14,google_flights,elcalafate_ida,Ida El Calafate (Buenos Aires → El Calafate),ida,AEP,FTE,2026-11-25,635.0,https://www.google.com/travel/flights?hl=pt-BR&gl=BR&curr=BRL&q=flights+from+Buenos+Aires+Aeroparque+Jorge+Newbery+%28AEP%29+to+El+Calafate+2026-11-25+one+way+nonstop,ok,
2026-09-26T14:57:17,google_flights,elcalafate_volta,Volta El Calafate (El Calafate → Buenos Aires),volta,FTE,AEP,2026-11-28,1287.0,https://www.google.com/travel/flights?hl=pt-BR&gl=BR&curr=BRL&q=flights+from+El+Calafate+to+Buenos+Aires+Aeroparque+Jorge+Newbery+%28AEP%29+2026-11-28+one+way+nonstop,ok,
